{
    "no-reply@accounts.google.com": {
        "name": "Google",
        "emails": [
            "19a201d379c28320",
            "19a006a17530d519"
        ],
        "last_contacted": "2025-10-26 12:07:13"
    },
    "n00503033@gmail.com": {
        "name": "n00503033@gmail.com",
        "emails": [
            "19a201d379c28320",
            "19a2057d9bf2c41f",
            "19a1fc10144fe8b2",
            "19a006a17530d519",
            "19a006a153d5be8b"
        ],
        "last_contacted": "2025-10-26 16:46:48"
    },
    "minahilimran836@gmail.com": {
        "name": "Minahil Imran",
        "emails": [
            "19a2057d9bf2c41f"
        ],
        "last_contacted": "2025-10-26 16:46:48"
    },
    "no-reply@google.com": {
        "name": "Google",
        "emails": [
            "19a1fc10144fe8b2",
            "19a006a153d5be8b"
        ],
        "last_contacted": "2025-10-26 02:02:13"
    }
}